,type,title,date,distance,time,easy,tempo,interval,long,recovery,category
0,running,easy run after sick,2018-10-12 21:10:12,5.04,34:49,True,False,False,False,False,easy
1,running,lat phrao run,2018-10-09 23:21:25,5.09,31:26,False,False,False,False,False,
2,running,lat phrao run,2018-10-07 22:21:38,11.01,1:08:30,False,False,False,False,False,
3,treadmill_running,treadmill,2018-10-06 21:24:32,2.4,30:38,False,False,False,False,False,
4,treadmill_running,treadmill,2018-10-05 21:01:16,5.07,32:19,False,False,False,False,False,
5,treadmill_running,treadmill,2018-10-04 20:51:56,3.13,30:26,False,False,False,False,False,
6,running,lat phrao run,2018-10-03 20:25:54,7.85,43:03,False,False,False,False,False,
7,running,easy run,2018-10-02 20:05:12,5.04,32:14,True,False,False,False,False,easy
8,running,chatuchak run,2018-09-30 16:08:15,4.76,29:16,False,False,False,False,False,
9,running,1600x2 800x2 run,2018-09-26 20:50:53,6.8,37:35,False,False,False,False,False,
10,running,lat phrao run,2018-09-25 20:38:42,5.2,32:03,False,False,False,False,False,
11,indoor_cycling,bike indoor,2018-09-24 16:10:28,25.54,1:01:36,False,False,False,True,False,long
12,running,tempo run,2018-09-21 17:47:33,7.31,41:09,False,True,False,False,False,tempo
13,running,interval 6 x 400m,2018-09-19 20:31:51,6.93,45:24,False,False,True,False,False,interval
14,running,interval 400x7,2018-09-18 20:40:48,7.48,44:50,False,False,True,False,False,interval
15,running,easy long run,2018-09-16 17:16:38,12.06,1:23:32,True,False,False,True,False,long
16,running,lthr test,2018-09-14 20:37:24,5.04,31:48,False,False,False,False,False,
17,indoor_cycling,bike indoor,2018-09-14 00:10:00,13.51,30:50,False,False,False,False,False,
18,running,recovery run,2018-09-11 18:13:33,4.01,32:37,False,False,False,False,True,recovery
19,running,cuca run 2018,2018-09-09 05:00:03,10.05,48:06,False,False,False,False,False,
20,running,easy run with test pace,2018-09-07 21:44:56,5.37,31:07,True,False,False,False,False,easy
21,running,interval 400x6,2018-09-05 20:19:02,6.85,38:43,False,False,True,False,False,interval
22,indoor_cycling,bike indoor,2018-09-04 22:25:00,20.05,40:29,False,False,False,True,False,long
23,running,long run (taper),2018-09-02 17:21:32,12.51,1:21:39,False,False,False,True,False,long
24,running,easy tempo,2018-08-31 20:20:33,8.1,45:21,True,True,False,False,False,tempo
25,running,lat phrao run,2018-08-29 20:07:49,9.06,52:17,False,False,False,False,False,
26,running,lat phrao run,2018-08-28 19:40:35,5.04,29:20,False,False,False,False,False,
27,running,long run,2018-08-26 18:03:48,18.19,2:00:28,False,False,False,True,False,long
28,indoor_cycling,bike / replace tempo run 8k,2018-08-24 23:31:21,53.3,1:05:17,False,True,False,True,False,tempo
29,running,interval 1.6k x3 run,2018-08-22 22:51:28,8.02,47:11,False,False,True,False,False,interval
30,running,easy run / bad data,2018-08-21 19:42:43,5.21,33:20,True,False,False,False,False,easy
31,running,long run,2018-08-19 15:40:25,25.04,2:41:38,False,False,False,True,False,long
32,running,tempo8k  run,2018-08-17 21:25:19,11.09,1:01:55,False,True,False,False,False,tempo
33,indoor_cycling,bike indoor,2018-08-15 21:11:21,30.04,46:09,False,False,False,True,False,long
34,running,easy run,2018-08-14 17:22:29,5.02,30:58,True,False,False,False,False,easy
35,running,long run 16k,2018-08-12 20:50:40,16.01,1:52:56,False,False,False,True,False,long
36,running,easy-10k,2018-08-10 06:17:46,10.04,1:01:00,True,False,False,False,False,easy
37,running,lat phrao run,2018-08-09 22:47:40,10.04,1:01:00,False,False,False,False,False,
38,running,lat phrao run,2018-08-08 18:52:05,8.12,45:44,False,False,False,False,False,
39,running,easy run,2018-08-07 19:33:54,5.07,35:20,True,False,False,False,False,easy
40,running,long run,2018-08-05 17:19:45,21.14,2:20:45,False,False,False,True,False,long
41,running,lat phrao run,2018-08-03 21:21:56,11.07,1:02:20,False,False,False,False,False,
42,running,lat phrao run,2018-08-01 18:45:10,6.09,34:52,False,False,False,False,False,
43,running,lat phrao run,2018-07-31 18:36:32,5.04,31:16,False,False,False,False,False,
44,running,long run,2018-07-29 16:40:37,16.07,1:57:27,False,False,False,True,False,long
45,running,bad tempo run,2018-07-27 11:16:48,10.02,54:34,False,True,False,False,False,tempo
46,running,interval 800m x6 rest 1:30min.,2018-07-25 16:48:38,8.93,50:13,False,False,True,False,False,interval
47,running,lat phrao run,2018-07-24 17:28:11,5.18,38:46,False,False,False,False,False,
48,running,nakhon nayok long run,2018-07-22 05:55:20,21.02,2:25:02,False,False,False,True,False,long
49,running,lat phrao run,2018-07-20 16:58:44,11.04,1:02:04,False,False,False,False,False,
50,treadmill_running,treadmill,2018-07-18 18:35:03,9.47,56:25,False,False,False,False,False,
51,running,long run,2018-07-15 20:23:29,12.56,1:16:37,False,False,False,True,False,long
52,running,lat phrao run,2018-07-13 18:01:52,10.62,1:00:09,False,False,False,False,False,
53,running,interval 8x300m  rest 3min,2018-07-11 18:24:59,5.89,46:13,False,False,True,False,False,interval
54,running,easy run,2018-07-10 16:18:36,5.05,30:21,True,False,False,False,False,easy
55,running,long run,2018-07-08 17:06:52,18.06,1:57:32,False,False,False,True,False,long
56,running,tempo 8k  run,2018-07-06 16:55:48,11.02,1:00:19,False,True,False,False,False,tempo
57,running,fartlek run,2018-07-04 19:13:02,6.38,36:47,False,False,False,False,False,
58,running,easy run,2018-07-03 17:04:13,5.12,33:47,True,False,False,False,False,easy
59,running,long run,2018-07-01 20:46:53,16.06,1:52:30,False,False,False,True,False,long
60,running,tempo 3k x2,2018-06-29 16:56:57,10.52,59:37,False,True,False,False,False,tempo
61,running,interval 300x7,2018-06-27 20:47:00,5.69,44:56,False,False,True,False,False,interval
62,running,easy run,2018-06-26 20:08:50,5.03,30:56,True,False,False,False,False,easy
63,running,long run,2018-06-24 05:10:55,18.04,1:50:50,False,False,False,True,False,long
64,running,bad tempo run,2018-06-22 17:40:28,9.16,54:47,False,True,False,False,False,tempo
65,running,interval 400x8,2018-06-20 19:38:20,7.44,44:14,False,False,True,False,False,interval
66,running,easy run,2018-06-19 18:29:16,5.1,35:19,True,False,False,False,False,easy
67,running,long run,2018-06-17 17:56:14,14.22,1:33:58,False,False,False,True,False,long
68,running,tempo run,2018-06-15 19:44:04,8.07,47:23,False,True,False,False,False,tempo
69,running,interval 1600x3,2018-06-13 18:42:12,7.53,42:54,False,False,True,False,False,interval
70,running,easy run,2018-06-12 16:15:02,5.11,33:01,True,False,False,False,False,easy
71,running,long run,2018-06-10 17:48:30,16.16,1:45:25,False,False,False,True,False,long
72,running,tempo run,2018-06-08 17:40:39,6.01,35:18,False,True,False,False,False,tempo
73,running,interval 800x6 rest 90s,2018-06-06 19:54:59,8.17,47:28,False,False,True,False,False,interval
74,running,easy run,2018-06-05 16:34:13,5.04,32:09,True,False,False,False,False,easy
75,running,long run,2018-06-03 17:17:04,14.18,1:29:30,False,False,False,True,False,long
76,running,tempo 8k,2018-06-01 22:54:41,11.02,1:04:08,False,True,False,False,False,tempo
77,running,interval 300x7  rest3min,2018-05-30 20:17:48,5.81,44:24,False,False,True,False,False,interval
78,running,easy run,2018-05-29 16:59:10,5.21,37:15,True,False,False,False,False,easy
79,running,long run,2018-05-27 17:50:23,12.67,1:21:53,False,False,False,True,False,long
80,running,tempo run,2018-05-25 16:55:02,6.07,35:23,False,True,False,False,False,tempo
81,running,interval 400x8  rest1:30,2018-05-23 17:39:14,6.96,42:56,False,False,True,False,False,interval
82,running,lat phrao run,2018-05-22 17:18:23,5.03,33:01,False,False,False,False,False,
83,running,long run,2018-05-20 21:33:33,12.1,1:22:08,False,False,False,True,False,long
84,indoor_cycling,bike indoor,2018-05-19 18:54:48,15.57,30:03,False,False,False,True,False,long
85,running,tempo run,2018-05-18 21:38:22,8.04,45:41,False,True,False,False,False,tempo
86,treadmill_running,interval 90s x7 treadmill 3-4%incline,2018-05-17 20:31:12,5.1,44:05,False,False,True,False,False,interval
87,treadmill_running,treadmill,2018-05-15 19:57:04,5.07,35:52,False,False,False,False,False,
88,indoor_cycling,bike indoor,2018-05-14 23:13:06,15.25,33:00,False,False,False,True,False,long
89,running,kowloon run,2018-05-11 21:03:12,5.66,34:10,False,False,False,False,False,
90,treadmill_running,4% incline tempo run,2018-05-06 20:55:08,4.13,31:24,False,True,False,False,False,tempo
91,indoor_cycling,bike indoor,2018-05-05 23:02:12,15.09,32:32,False,False,False,True,False,long
92,treadmill_running,treadmill,2018-05-04 15:36:30,6.02,42:04,False,False,False,False,False,
93,treadmill_running,easy run with pick up pace,2018-04-30 17:02:17,4.03,33:16,True,False,False,False,False,easy
94,treadmill_running,tempo incline 7% treadmill,2018-04-27 13:16:08,4.26,31:35,False,True,False,False,False,tempo
95,treadmill_running,easy treadmill,2018-04-25 16:05:48,5.03,36:26,True,False,False,False,False,easy
96,running,interval tempo run,2018-04-23 22:00:59,5.02,27:39,False,True,True,False,False,tempo
97,running,easy run,2018-04-22 21:22:08,5.0,33:35,True,False,False,False,False,easy
98,indoor_cycling,bike indoor,2018-04-20 20:59:08,15.1,32:09,False,False,False,True,False,long
99,running,gs training run,2018-04-19 15:11:05,3.25,17:35,False,False,False,False,False,
100,indoor_cycling,bike indoor,2018-04-18 20:56:34,15.03,31:40,False,False,False,True,False,long
101,treadmill_running,interval 12.3km/h x7  incline5% treadmill,2018-04-17 20:41:47,5.04,40:04,False,False,True,False,False,interval
102,indoor_cycling,bike indoor,2018-04-15 21:35:59,15.14,37:33,False,False,False,True,False,long
103,indoor_cycling,easy bike indoor,2018-04-14 23:37:23,15.06,40:34,True,False,False,True,False,long
104,running, bad hot weather easy run,2018-04-13 23:04:52,5.03,31:20,True,False,False,False,False,easy
105,treadmill_running,interval 90s on 4%incline treadmill,2018-04-08 20:38:34,4.35,40:12,False,False,True,False,False,interval
106,treadmill_running,easy 1hr 4% incline treadmill ,2018-04-07 22:18:31,8.26,1:05:09,True,False,False,False,False,easy
107,treadmill_running,tempo 7% incline treadmill,2018-04-06 19:45:59,4.42,32:20,False,True,False,False,False,tempo
108,treadmill_running,tempo treadmill incline 0%,2018-04-04 20:45:11,5.18,30:36,False,True,False,False,False,tempo
109,treadmill_running,easy treadmill,2018-04-03 15:07:24,3.36,30:37,True,False,False,False,False,easy
110,treadmill_running, hard tempo 7%incline treadmill,2018-04-01 20:12:31,4.2,31:00,False,True,False,False,False,tempo
111,treadmill_running,easy 7%incline treadmill,2018-03-31 20:58:08,4.36,36:37,True,False,False,False,False,easy
112,treadmill_running,interval 90sec rest 3min x7 incline5% treadmill ,2018-03-28 15:45:15,4.45,32:54,False,False,True,False,False,interval
113,treadmill_running,tempo 7% incline treadmill,2018-03-26 21:03:05,4.21,30:44,False,True,False,False,False,tempo
114,treadmill_running,tempo treadmill,2018-03-24 20:41:59,5.26,30:52,False,True,False,False,False,tempo
115,treadmill_running,easy 6%incline treadmill,2018-03-22 16:32:10,5.14,41:46,True,False,False,False,False,easy
116,treadmill_running,4k tempo 7% incline treadmill,2018-03-19 20:34:24,4.23,32:57,False,True,False,False,False,tempo
117,running,easy run,2018-03-16 06:17:37,5.02,35:15,True,False,False,False,False,easy
118,running,tempo 7% incline 30min,2018-03-15 18:21:00,5.24,39:57,False,True,False,False,False,tempo
119,treadmill_running,easy treadmill,2018-03-11 21:25:03,5.17,39:26,True,False,False,False,False,easy
120,treadmill_running,treadmill,2018-03-10 22:10:25,5.06,36:02,False,False,False,False,False,
121,treadmill_running,easy treadmill,2018-03-09 16:24:35,5.18,37:01,True,False,False,False,False,easy
122,treadmill_running,interval 400m rest 3min x 7 treadmill,2018-03-08 14:43:33,6.36,47:10,False,False,True,False,False,interval
123,treadmill_running,treadmill,2018-03-06 13:06:43,5.08,32:16,False,False,False,False,False,
124,treadmill_running,easy treadmill,2018-03-05 15:36:47,10.14,1:08:22,True,False,False,False,False,easy
125,running,fartlek run,2018-03-01 20:25:31,5.09,32:57,False,False,False,False,False,
126,running,easy run,2018-02-28 23:39:38,5.1,35:20,True,False,False,False,False,easy
127,running,run for better city 2018,2018-02-25 05:27:55,10.02,54:29,False,False,False,False,False,
128,running,easy run,2018-02-22 22:54:38,5.1,37:21,True,False,False,False,False,easy
129,running, easy 10k run,2018-02-20 17:10:23,10.09,1:05:57,True,False,False,False,False,easy
130,running,interval 300 rest 3min x 7,2018-02-18 22:25:14,6.15,39:55,False,False,True,False,False,interval
131,treadmill_running,treadmill,2018-02-15 21:19:46,4.48,30:59,False,False,False,False,False,
132,treadmill_running,treadmill,2018-02-14 20:34:07,4.64,35:11,False,False,False,False,False,
133,running,recovery run,2018-02-12 23:11:10,3.48,25:08,False,False,False,False,True,recovery
134,running,buriram marathon 2018,2018-02-11 05:26:11,21.29,1:49:10,False,False,False,True,False,long
135,running,interval 300m x 6 rest3min,2018-02-07 23:00:01,5.73,37:25,False,False,True,False,False,interval
136,running,earphones testing run,2018-02-05 22:39:57,5.01,28:49,False,False,False,False,False,
137,running,easy running,2018-02-04 17:21:58,6.77,41:42,True,False,False,False,False,easy
138,running,tempo run,2018-02-04 16:33:41,6.7,40:02,False,True,False,False,False,tempo
139,treadmill_running,treadmill,2018-02-01 20:40:38,4.36,30:37,False,False,False,False,False,
140,running,easy run,2018-01-31 17:47:39,5.11,36:41,True,False,False,False,False,easy
141,running,recovery run,2018-01-29 20:23:31,3.4,25:09,False,False,False,False,True,recovery
142,running,khon kaen marathon 2018,2018-01-28 04:16:03,42.68,4:29:26,False,False,False,True,False,long
143,running,easy tempo run2,2018-01-25 17:54:32,9.24,57:24,True,True,False,False,False,tempo
144,running,easy tempo run1,2018-01-25 17:06:13,6.7,42:07,True,True,False,False,False,tempo
145,running,easy run,2018-01-22 21:38:00,5.39,34:23,True,False,False,False,False,easy
146,running,bang khen running,2018-01-17 22:20:03,5.09,32:30,False,False,False,False,False,
147,running,long run,2018-01-15 15:42:33,30.04,3:25:28,False,False,False,True,False,long
148,running,tempo run,2018-01-13 17:46:15,10.1,56:19,False,True,False,False,False,tempo
149,running,easy run,2018-01-12 17:31:50,5.02,33:32,True,False,False,False,False,easy
150,running,bang khen run,2018-01-10 21:39:29,3.03,18:59,False,False,False,False,False,
151,running,easy run,2018-01-07 21:03:38,5.03,35:16,True,False,False,False,False,easy
152,running,bang rak running,2018-01-03 17:11:33,5.07,32:53,False,False,False,False,False,
153,running,long running,2017-12-30 17:04:01,15.26,1:29:27,False,False,False,True,False,long
154,running,bad easy running,2017-12-28 15:18:21,11.81,1:12:48,True,False,False,False,False,easy
155,running,easy running,2017-12-27 18:17:07,10.04,1:00:55,True,False,False,False,False,easy
156,running,chiang mai marathon (half) ,2017-12-24 04:59:52,21.16,1:52:44,False,False,False,True,False,long
157,running,doi suthep running,2017-12-21 08:22:15,10.67,1:17:25,False,False,False,False,False,
158,running,bang khen running,2017-12-19 20:09:52,5.41,35:09,False,False,False,False,False,
159,running,tempo running,2017-12-18 23:52:52,5.07,25:47,False,True,False,False,False,tempo
160,running,long running,2017-12-17 16:54:52,15.06,1:32:34,False,False,False,True,False,long
161,running,long running,2017-12-16 16:25:43,21.11,2:16:30,False,False,False,True,False,long
162,running,bang khen running,2017-12-13 21:29:38,5.04,32:14,False,False,False,False,False,
163,running,tempo + fartlek run,2017-12-12 17:30:53,10.11,1:00:51,False,True,False,False,False,tempo
164,treadmill_running,30min. easy barefoot treadmill run,2017-12-10 21:00:43,4.16,30:32,True,False,False,False,False,easy
165,treadmill_running,1hour easy barefoot treadmill run,2017-12-09 20:25:16,7.85,1:00:30,True,False,False,False,False,easy
166,running,bang khen running,2017-12-07 16:22:58,8.09,57:55,False,False,False,False,False,
167,running,easy run,2017-12-05 17:33:15,10.19,1:11:21,True,False,False,False,False,easy
168,running,recovery run,2017-12-04 19:12:53,5.12,36:41,False,False,False,False,True,recovery
169,running,long running,2017-12-03 15:16:50,30.07,3:32:10,False,False,False,True,False,long
170,running,bang khen running,2017-12-02 18:54:31,5.1,33:45,False,False,False,False,False,
171,running,tempo  running,2017-11-29 18:34:19,5.12,27:32,False,True,False,False,False,tempo
172,running,3k tempo 3k speed play 3k easy,2017-11-27 17:53:38,10.03,1:02:50,True,True,False,False,False,tempo
173,running,long running,2017-11-26 16:49:51,21.06,2:16:51,False,False,False,True,False,long
174,running,long running,2017-11-23 17:04:37,15.03,1:40:30,False,False,False,True,False,long
175,running,long running,2017-11-21 16:06:30,21.02,2:17:00,False,False,False,True,False,long
176,running,hard tempo  running,2017-11-19 22:30:59,5.1,27:28,False,True,False,False,False,tempo
177,running,easy running,2017-11-17 17:53:40,5.07,35:55,True,False,False,False,False,easy
178,running,interval tempo ,2017-11-15 18:27:30,5.22,29:22,False,True,True,False,False,tempo
179,indoor_cycling,easy indoor cycling,2017-11-13 23:33:58,15.11,30:31,True,False,False,True,False,long
180,running,easy run,2017-11-12 17:37:20,5.08,38:16,True,False,False,False,False,easy
181,running,hard tempo running,2017-11-12 16:24:41,10.11,58:18,False,True,False,False,False,tempo
182,running,interval 200 rest 3min x 7,2017-11-10 19:02:07,5.02,39:30,False,False,True,False,False,interval
183,indoor_cycling,easy cycling,2017-11-08 21:27:33,15.17,30:02,True,False,False,True,False,long
184,running,easy running,2017-11-07 17:17:52,10.11,1:23:17,True,False,False,False,False,easy
185,running,easy running,2017-11-06 21:55:18,5.01,37:39,True,False,False,False,False,easy
186,running,long running,2017-11-05 17:17:46,21.1,2:06:12,False,False,False,True,False,long
187,running,fartlek running,2017-11-03 23:25:42,5.02,30:45,False,False,False,False,False,
188,indoor_cycling,easy cycling,2017-11-02 21:38:19,15.78,30:01,True,False,False,True,False,long
189,running,easy running,2017-10-31 18:12:57,7.03,48:32,True,False,False,False,False,easy
190,running,long running,2017-10-29 16:46:58,25.11,3:07:01,False,False,False,True,False,long
191,running,3k hard tempo running,2017-10-27 16:46:35,10.11,1:00:39,False,True,False,False,False,tempo
192,indoor_cycling,easy cycling,2017-10-25 19:54:42,15.19,30:43,True,False,False,True,False,long
193,running,tempo @lthr  running,2017-10-24 17:31:51,5.21,30:29,False,True,False,False,False,tempo
194,running,long run4,2017-10-22 17:57:22,4.03,28:15,False,False,False,True,False,long
195,running,long run3,2017-10-22 16:58:19,5.02,33:43,False,False,False,True,False,long
196,running,long run2,2017-10-22 16:16:25,6.01,37:59,False,False,False,True,False,long
197,running,long run1,2017-10-22 15:33:49,5.98,36:54,False,False,False,True,False,long
198,indoor_cycling,indoor cycling,2017-10-20 21:50:04,15.52,30:30,False,False,False,True,False,long
199,running,tempo running,2017-10-18 22:46:07,5.06,29:44,False,True,False,False,False,tempo
200,running,test amazifit bip running,2017-10-17 16:54:13,1.86,12:23,False,False,False,False,False,
201,running,"run to retire night owl"" """,2017-10-16 18:29:29,8.26,1:02:17,False,False,False,False,False,
202,running,interval 200m rest2min x7,2017-10-15 21:25:32,4.78,34:57,False,False,True,False,False,interval
203,indoor_cycling,indoor cycling,2017-10-14 22:41:16,14.04,30:21,False,False,False,False,False,
204,running,easy run ( back from illness),2017-10-13 22:48:36,5.26,32:19,True,False,False,False,False,easy
205,running,bang rak running,2017-10-08 17:30:45,6.07,38:53,False,False,False,False,False,
206,indoor_cycling,indoor cycling,2017-10-07 19:46:27,12.08,30:05,False,False,False,False,False,
207,treadmill_running,treadmill run / calf cramp,2017-10-03 22:08:44,1.45,11:33,False,False,False,False,False,
208,indoor_cycling,long indoor cycling,2017-10-02 20:49:12,52.04,1:30:05,False,False,False,True,False,long
209,indoor_cycling,indoor cycling,2017-10-01 19:30:11,13.33,30:10,False,False,False,False,False,
210,running,interval 400m rest2min x5,2017-09-29 17:14:34,5.52,31:47,False,False,True,False,False,interval
211,running,easy running,2017-09-26 19:24:30,5.04,32:49,True,False,False,False,False,easy
212,running,bad long run,2017-09-24 16:36:31,6.36,41:56,False,False,False,True,False,long
213,indoor_cycling,indoor cycling,2017-09-22 23:11:05,25.26,45:11,False,False,False,True,False,long
214,indoor_cycling,easy cycling,2017-09-21 20:35:51,13.55,30:14,True,False,False,False,False,easy
215,running,tempo running,2017-09-20 20:02:39,5.05,29:00,False,True,False,False,False,tempo
216,indoor_cycling,indoor cycling,2017-09-18 23:45:09,12.39,30:11,False,False,False,False,False,
217,running,tempo long run 2,2017-09-17 18:01:03,6.09,37:05,False,True,False,True,False,tempo
218,running, hard tempo long run1 ,2017-09-17 17:07:43,9.03,51:18,False,True,False,True,False,tempo
219,running,easy running,2017-09-15 17:50:08,6.02,46:01,True,False,False,False,False,easy
220,running,interval 30sec rest 2min  x8,2017-09-14 22:40:21,3.38,25:20,False,False,True,False,False,interval
221,indoor_cycling,easy cycling,2017-09-13 19:32:51,16.07,30:04,True,False,False,True,False,long
222,running,recovery run,2017-09-12 17:12:13,4.11,31:48,False,False,False,False,True,recovery
223,running,long run,2017-09-10 16:33:09,21.08,2:29:31,False,False,False,True,False,long
224,indoor_cycling,easy cycling,2017-09-08 23:13:58,15.86,30:15,True,False,False,True,False,long
225,indoor_cycling,indoor cycling,2017-09-07 23:49:07,19.51,30:56,False,False,False,True,False,long
226,indoor_cycling,indoor cycling,2017-09-06 19:17:26,37.06,1:00:34,False,False,False,True,False,long
227,treadmill_running,treadmill running,2017-09-04 18:37:17,4.19,31:01,False,False,False,False,False,
228,indoor_cycling,indoor cycling,2017-09-03 23:32:30,20.11,32:11,False,False,False,True,False,long
229,running,easy running,2017-09-02 17:22:02,5.29,42:35,True,False,False,False,False,easy
230,running,long run?,2017-08-29 17:17:06,10.18,1:16:40,False,False,False,True,False,long
231,indoor_cycling,tempo cycling,2017-08-28 21:47:23,21.25,30:39,False,True,False,True,False,tempo
232,indoor_cycling,easy cycling,2017-08-26 21:25:41,17.22,31:11,True,False,False,True,False,long
233,running,easy running,2017-08-25 21:19:35,4.34,34:25,True,False,False,False,False,easy
234,running,tempo  run @ lt hr,2017-08-23 18:05:19,5.08,33:53,False,True,False,False,False,tempo
235,indoor_cycling,recovery indoor cycling,2017-08-21 23:45:28,15.15,30:15,False,False,False,True,True,recovery
236,running,long run,2017-08-20 16:43:07,15.13,1:42:31,False,False,False,True,False,long
237,indoor_cycling,indoor cycling,2017-08-19 22:37:37,16.95,30:54,False,False,False,True,False,long
238,running,bad interval  ..dnf,2017-08-18 19:45:15,3.1,22:05,False,False,True,False,False,interval
239,indoor_cycling,indoor cycling,2017-08-16 22:15:22,15.28,30:15,False,False,False,True,False,long
240,indoor_cycling,indoor cycling,2017-08-15 22:13:20,13.98,30:13,False,False,False,False,False,
241,indoor_cycling,easy indoor cycling,2017-08-13 23:17:25,13.64,31:01,True,False,False,False,False,easy
242,running,easy running,2017-08-12 17:37:41,4.63,30:18,True,False,False,False,False,easy
243,running,hard tempo run,2017-08-10 17:34:28,5.04,27:20,False,True,False,False,False,tempo
244,treadmill_running,easy treadmill running,2017-08-08 20:36:23,3.59,30:41,True,False,False,False,False,easy
245,indoor_cycling,tempo indoor cycling,2017-08-08 00:08:06,19.0,30:30,False,True,False,True,False,tempo
246,running,easy running,2017-08-06 22:49:28,5.07,33:15,True,False,False,False,False,easy
247,indoor_cycling,indoor cycling,2017-08-04 12:24:32,14.44,36:35,False,False,False,False,False,
248,treadmill_running,easy running,2017-08-01 15:13:03,5.06,32:30,True,False,False,False,False,easy
249,treadmill_running,tempo treadmill running,2017-07-31 18:02:52,4.2,31:02,False,True,False,False,False,tempo
250,indoor_cycling,indoor cycling,2017-07-31 12:41:03,17.1,40:16,False,False,False,True,False,long
251,running,easy running,2017-07-30 21:40:10,5.1,32:49,True,False,False,False,False,easy
252,indoor_cycling,indoor cycling,2017-07-30 13:05:32,12.34,30:09,False,False,False,False,False,
253,indoor_cycling,indoor cycling,2017-07-29 23:33:43,14.12,30:45,False,False,False,False,False,
254,indoor_cycling,easy cycling,2017-07-28 23:16:27,13.62,30:15,True,False,False,False,False,easy
255,treadmill_running,treadmill running,2017-07-23 20:57:42,5.09,31:01,False,False,False,False,False,
256,treadmill_running,easy running,2017-07-23 15:27:40,5.07,31:28,True,False,False,False,False,easy
257,treadmill_running,treadmill running,2017-07-22 20:35:10,5.06,31:02,False,False,False,False,False,
258,treadmill_running,easy long running,2017-07-22 15:30:33,10.06,1:05:13,True,False,False,True,False,long
259,treadmill_running,easy running,2017-07-21 20:34:36,5.18,33:05,True,False,False,False,False,easy
260,treadmill_running,treadmill test running,2017-07-21 11:46:55,5.31,31:44,False,False,False,False,False,
261,indoor_cycling,easy cycling,2017-07-19 20:31:20,23.57,1:00:08,True,False,False,True,False,long
262,running,tempo running,2017-07-18 18:40:26,5.16,30:56,False,True,False,False,False,tempo
263,indoor_cycling,์negative split cycling,2017-07-18 11:55:32,17.14,35:06,False,False,False,True,False,long
264,indoor_cycling,easy cycling,2017-07-17 23:08:08,16.81,47:24,True,False,False,True,False,long
265,indoor_cycling,indoor cycling,2017-07-16 22:30:42,20.97,1:02:36,False,False,False,True,False,long
266,indoor_cycling,indoor cycling,2017-07-15 21:53:27,6.87,30:10,False,False,False,False,False,
267,running,interval  200m. rest 1min. x13,2017-07-14 18:47:33,6.4,41:24,False,False,True,False,False,interval
268,indoor_cycling,indoor cycling,2017-07-13 20:26:06,15.46,30:22,False,False,False,True,False,long
269,indoor_cycling,indoor cycling,2017-07-11 15:35:17,45.13,1:42:45,False,False,False,True,False,long
270,indoor_cycling,indoor cycling,2017-07-10 21:14:28,26.69,45:45,False,False,False,True,False,long
271,running,เกือบ long running,2017-07-08 16:56:35,10.35,1:09:53,False,False,False,True,False,long
272,indoor_cycling,easy long cycling,2017-07-07 19:28:32,42.24,1:33:19,True,False,False,True,False,long
273,indoor_cycling,easy cycling,2017-07-06 21:06:19,15.07,31:08,True,False,False,True,False,long
274,indoor_cycling,easy cycling,2017-07-06 11:44:50,4.41,30:07,True,False,False,False,False,easy
275,running, tempo running,2017-07-05 17:50:16,5.09,27:47,False,True,False,False,False,tempo
276,indoor_cycling,easy cycling2,2017-07-04 18:13:58,15.08,31:41,True,False,False,True,False,long
277,indoor_cycling,easy cycling,2017-07-04 13:41:59,15.36,32:28,True,False,False,True,False,long
278,indoor_cycling,easy cycling,2017-07-03 16:02:29,30.34,1:04:44,True,False,False,True,False,long
279,running,lactate threshold testing,2017-07-01 18:54:52,4.1,28:10,False,False,False,False,False,
280,running,935 with rdpod test,2017-07-01 08:19:39,1.67,10:43,False,False,False,False,False,
281,running,easy running,2017-06-29 16:59:50,5.07,39:42,True,False,False,False,False,easy
282,cycling,easy cycling,2017-06-28 21:53:10,14.21,30:31,True,False,False,False,False,easy
283,running,fartlek run 3k,2017-06-27 18:14:15,5.12,30:26,False,False,False,False,False,
284,cycling,easy cycling,2017-06-27 10:20:30,18.38,30:31,True,False,False,True,False,long
285,cycling,easy cycling,2017-06-26 17:43:07,25.39,45:03,True,False,False,True,False,long
286,running,easy running,2017-06-25 18:26:33,5.11,35:45,True,False,False,False,False,easy
287,cycling,long indoor cycling,2017-06-25 11:32:30,37.58,1:01:42,False,False,False,True,False,long
288,cycling,indoor cycling,2017-06-23 13:28:11,16.98,30:25,False,False,False,True,False,long
289,other,t25 abs,2017-06-20 20:03:07,0.0,25:11,False,False,False,False,False,
290,running,garmin blue run 2017,2017-06-18 04:30:10,21.8,2:13:49,False,False,False,True,False,long
291,running,easy tempo running,2017-06-16 22:35:21,5.12,29:24,True,True,False,False,False,tempo
292,running,easy running,2017-06-13 18:19:53,5.11,32:40,True,False,False,False,False,easy
293,running,sai mai running,2017-06-12 18:42:23,5.1,30:38,False,False,False,False,False,
294,running,laguna phuket marathon,2017-06-04 04:31:00,42.79,5:18:50,False,False,False,True,False,long
295,walking,ถ้ำพระยานคร ขากลับ,2017-06-02 15:05:07,1.57,32:12,False,False,False,False,False,
296,walking,ถ้ำพระยานคร ขาไป,2017-06-02 13:38:02,1.48,34:56,False,False,False,False,False,
297,running,easy running,2017-06-01 19:32:17,5.25,35:06,True,False,False,False,False,easy
298,cycling,cycling,2017-05-29 19:05:07,13.97,21:39,False,False,False,False,False,
299,running,bang khen running,2017-05-29 18:36:14,2.75,20:34,False,False,False,False,False,
300,cycling,easy cycling,2017-05-28 01:07:06,20.5,32:02,True,False,False,True,False,long
301,running,recovery run,2017-05-23 19:18:48,5.12,34:14,False,False,False,False,True,recovery
302,running,singha bangkok 21k 2017,2017-05-21 05:30:39,20.91,2:08:02,False,False,False,True,False,long
303,cycling,30min easy cycling,2017-05-19 23:32:44,20.72,31:05,True,False,False,True,False,long
304,cycling,25 min easy 5 min pickup,2017-05-18 23:00:08,23.07,31:36,True,False,False,True,False,long
305,cycling,easy cycling,2017-05-16 18:37:53,19.3,31:11,True,False,False,True,False,long
306,running,easy running,2017-05-15 20:28:44,5.15,33:02,True,False,False,False,False,easy
307,running,easy run 10k,2017-05-14 20:24:54,10.07,1:04:41,True,False,False,False,False,easy
308,running,easy running,2017-05-11 22:09:21,5.26,30:15,True,False,False,False,False,easy
309,cycling,easy indoor cycling,2017-05-10 23:18:27,16.65,30:33,True,False,False,True,False,long
310,running,interval 200/200 x8,2017-05-09 16:45:48,5.29,34:25,False,False,True,False,False,interval
311,running,not really long run,2017-05-07 16:14:49,13.5,1:28:49,False,False,False,True,False,long
312,cycling,indoor cycling,2017-05-06 22:04:57,23.67,33:02,False,False,False,True,False,long
313,running,easy running,2017-05-02 20:13:48,5.33,32:40,True,False,False,False,False,easy
314,running,easy tempo run,2017-04-30 20:32:36,5.89,34:35,True,True,False,False,False,tempo
315,running,tempo running,2017-04-27 20:39:43,5.04,28:12,False,True,False,False,False,tempo
316,running,easy run,2017-04-23 17:41:26,5.14,30:31,True,False,False,False,False,easy
317,running,tempo run,2017-04-17 07:02:11,5.14,28:23,False,True,False,False,False,tempo
318,running,easy tempo running,2017-04-14 18:00:37,10.17,59:49,True,True,False,False,False,tempo
319,running,fartlek run (speed play) ,2017-04-10 21:51:56,5.09,28:55,False,False,False,False,False,
320,running,easy run,2017-04-08 21:31:03,5.15,30:44,True,False,False,False,False,easy
321,running,3k tempo run,2017-04-06 22:21:23,5.05,28:30,False,True,False,False,False,tempo
322,running,easy run with 1k pick up,2017-04-04 22:00:53,5.12,30:08,True,False,False,False,False,easy
323,running,tempo running,2017-04-01 17:31:29,10.06,56:50,False,True,False,False,False,tempo
324,running,sai mai running,2017-03-30 04:46:46,0.01,1:34.4,False,False,False,False,False,
325,running,easy barefoot running,2017-03-29 21:47:10,5.13,31:12,True,False,False,False,False,easy
326,running,tempo run,2017-03-25 21:19:39,5.25,29:13,False,True,False,False,False,tempo
327,running,easy run 6k,2017-03-22 21:12:44,6.12,38:09,True,False,False,False,False,easy
328,running,6000m. 6000likes run,2017-03-21 23:13:53,6.12,34:40,False,False,False,False,False,
329,running,colgate total health mini marathon 3,2017-03-19 05:38:41,9.95,52:13,False,False,False,False,False,
330,running,easy running,2017-03-17 21:55:16,5.13,34:22,True,False,False,False,False,easy
331,running,bad 400 x5 interval,2017-03-16 20:51:44,4.42,28:45,False,False,True,False,False,interval
332,running,easy run,2017-03-15 21:09:08,5.16,30:56,True,False,False,False,False,easy
333,running,easy run,2017-03-14 18:16:38,5.13,32:49,True,False,False,False,False,easy
334,running,easy running,2017-03-13 20:35:04,5.06,30:42,True,False,False,False,False,easy
335,running,easy run,2017-03-11 17:22:48,5.06,31:58,True,False,False,False,False,easy
336,cycling,cycling,2017-03-10 23:02:11,23.12,30:55,False,False,False,True,False,long
337,running,arch chula,2017-03-05 06:00:07,9.71,53:39,False,False,False,False,False,
338,cycling,indoor 30min. tempo cycling ,2017-03-01 23:28:20,0.0,31:05,False,True,False,False,False,tempo
339,running,easy run,2017-02-26 20:41:09,5.27,35:23,True,False,False,False,False,easy
340,running,easy interval,2017-02-24 18:28:14,5.03,30:39,True,False,True,False,False,interval
341,running,easy run,2017-02-22 20:30:59,5.13,33:04,True,False,False,False,False,easy
342,running,tempo / negative split,2017-02-20 21:22:26,5.2,27:33,False,True,False,False,False,tempo
343,running,interval run,2017-02-17 17:27:36,6.15,45:51,False,False,True,False,False,interval
344,running,warm up,2017-02-17 17:11:22,1.2,8:07.5,False,False,False,False,False,
345,running,easy run,2017-02-16 07:11:23,5.28,34:11,True,False,False,False,False,easy
346,running,tempo with 800m pick up,2017-02-14 21:18:28,5.16,26:52,False,True,False,False,False,tempo
347,running,buriram marathon,2017-02-12 05:40:39,21.28,1:54:34,False,False,False,True,False,long
348,running,bad run,2017-02-09 17:03:41,5.14,30:36,False,False,False,False,False,
349,running,bad easy run ,2017-02-05 15:40:41,5.78,38:43,True,False,False,False,False,easy
350,running,1st run after sick again,2017-02-02 21:00:22,5.16,29:13,False,False,False,False,False,
351,running,first run after sick,2017-01-26 18:26:07,5.27,33:12,False,False,False,False,False,
352,running,recovery run,2017-01-20 18:28:25,5.05,36:00,False,False,False,False,True,recovery
353,running,recovery run,2017-01-16 18:28:14,3.73,30:21,False,False,False,False,True,recovery
354,running,chombung marathon 2017,2017-01-15 04:09:00,42.42,4:09:13,False,False,False,True,False,long
355,running,last run before chombueng  marathon,2017-01-12 07:35:04,5.2,27:28,False,False,False,False,False,
356,running,easy run,2017-01-10 20:00:43,5.18,32:44,True,False,False,False,False,easy
357,running,negative split 5k ,2017-01-08 19:50:35,5.16,30:03,False,False,False,False,False,
358,running,easy run,2017-01-06 22:21:11,5.11,33:11,True,False,False,False,False,easy
359,running,tempo run,2017-01-04 21:41:37,5.09,26:39,False,True,False,False,False,tempo
360,running,long run,2017-01-03 16:43:54,15.5,1:33:30,False,False,False,True,False,long
361,running,last run of the year 2016,2016-12-30 17:04:09,6.23,36:48,False,False,False,False,False,
362,running,easy run  with stomachache,2016-12-28 16:59:15,5.22,35:41,True,False,False,False,False,easy
363,running,30 min. recovery run,2016-12-26 17:37:04,3.81,30:07,False,False,False,False,True,recovery
364,running,long run,2016-12-25 16:14:00,30.13,3:26:04,False,False,False,True,False,long
365,running,easy run,2016-12-22 20:02:24,5.12,39:17,True,False,False,False,False,easy
366,running,tempo  run,2016-12-21 18:30:34,5.14,24:59,False,True,False,False,False,tempo
367,running,easy run,2016-12-20 19:43:01,5.14,29:41,True,False,False,False,False,easy
368,running,easy tempo run,2016-12-18 17:33:58,5.04,25:47,True,True,False,False,False,tempo
369,running,easy run,2016-12-18 16:07:15,5.03,27:49,True,False,False,False,False,easy
370,running,tempo run,2016-12-16 18:21:36,5.1,24:40,False,True,False,False,False,tempo
371,running,easy run,2016-12-14 21:58:28,5.15,32:27,True,False,False,False,False,easy
372,running,recovery run,2016-12-12 21:18:06,5.26,34:48,False,False,False,False,True,recovery
373,running,long run 2,2016-12-11 18:09:41,10.12,1:07:38,False,False,False,True,False,long
374,running,long run 1,2016-12-11 16:13:39,15.2,1:43:48,False,False,False,True,False,long
375,running,easy run,2016-12-10 18:17:09,5.28,29:43,True,False,False,False,False,easy
376,running,easy run,2016-12-08 16:49:06,5.08,33:28,True,False,False,False,False,easy
377,running,1k sprint with 4k easy run,2016-12-07 22:52:59,5.1,29:22,True,False,False,False,False,easy
378,running,easy running,2016-12-06 20:05:17,10.19,1:03:15,True,False,False,False,False,easy
379,running,easy 5k after sick day,2016-12-05 17:13:57,5.24,41:44,True,False,False,False,False,easy
380,running,easy run,2016-12-02 22:37:23,7.12,43:51,True,False,False,False,False,easy
381,running,cool down 1k,2016-12-01 18:38:49,1.09,7:57.2,False,False,False,False,False,
382,running,tempo run,2016-12-01 18:11:08,5.07,26:08,False,True,False,False,False,tempo
383,running,easy run,2016-11-29 16:44:27,5.3,31:43,True,False,False,False,False,easy
384,running,nan marathon 2016 (half) ,2016-11-27 04:59:36,21.64,1:50:21,False,False,False,True,False,long
385,running,easy running (bad gps again),2016-11-24 23:21:07,5.02,29:33,True,False,False,False,False,easy
386,running,tempo run ( bad gps ),2016-11-23 16:36:22,10.02,56:16,False,True,False,False,False,tempo
387,running,sai mai running,2016-11-21 17:55:06,5.12,29:36,False,False,False,False,False,
388,running,easy running,2016-11-19 17:12:08,5.15,31:52,True,False,False,False,False,easy
389,running,easy run ,2016-11-18 17:46:45,5.21,33:00,True,False,False,False,False,easy
390,running,tempo run,2016-11-18 16:22:10,10.15,54:29,False,True,False,False,False,tempo
391,running,easy run,2016-11-15 18:38:20,5.5,35:14,True,False,False,False,False,easy
392,running,easy running,2016-11-13 17:05:02,2.32,19:17,True,False,False,False,False,easy
393,running,2k time trial,2016-11-13 16:51:56,2.37,10:14,False,False,False,False,False,
394,running,warm up run,2016-11-13 16:38:43,1.27,10:15,False,False,False,False,False,
395,running,easy,2016-11-11 18:50:55,7.9,45:48,True,False,False,False,False,easy
396,running,4k  easy 1k pick up,2016-11-10 18:46:23,5.2,28:09,True,False,False,False,False,easy
397,running,recovery run,2016-11-09 17:58:38,5.2,39:42,False,False,False,False,True,recovery
398,running,11k easy run,2016-11-08 17:27:09,11.1,1:04:44,True,False,False,False,False,easy
399,running,10k tempo 1,2016-11-08 16:11:20,10.1,55:17,False,True,False,False,False,tempo
400,running,easy run 3,2016-11-05 16:36:24,2.5,15:00,True,False,False,False,False,easy
401,running,easy run 2,2016-11-05 16:20:53,1.0,7:19,True,False,False,False,False,easy
402,running,easy run 1,2016-11-05 15:36:54,6.6,39:48,True,False,False,False,False,easy
403,running,negative split tempo run,2016-11-03 17:33:03,10.1,1:00:31,False,True,False,False,False,tempo
404,running,recovery run,2016-11-01 09:21:17,3.7,30:30,False,False,False,False,True,recovery
405,running,long running,2016-10-31 14:08:17,25.3,2:47:52,False,False,False,True,False,long
406,running,barefoot easy running,2016-10-28 18:08:01,7.6,55:05,True,False,False,False,False,easy
407,running,easy running,2016-10-24 16:36:49,5.1,32:20,True,False,False,False,False,easy
408,cycling,first time 3rollers,2016-10-23 23:54:08,2.54,10:16,False,False,False,False,False,
409,running,easy running,2016-10-22 17:06:07,5.0,30:06,True,False,False,False,False,easy
410,running,easy run + pick up 1k,2016-10-21 23:27:32,5.02,28:57,True,False,False,False,False,easy
411,cycling,easy trainer cycling,2016-10-19 21:47:32,13.5,20:03,True,False,False,False,False,easy
412,running,interval 400/400m running,2016-10-18 17:35:40,8.8,57:32,False,False,True,False,False,interval
413,cycling,first 40k indoor cycling ,2016-10-16 23:05:51,40.2,54:22,False,False,False,True,False,long
414,running,easy running,2016-10-14 22:25:31,10.3,1:05:50,True,False,False,False,False,easy
415,cycling,sprinting test cycling,2016-10-13 12:05:28,22.18,30:11,False,False,False,True,False,long
416,running,easy running,2016-10-09 16:44:00,10.07,57:32,True,False,False,False,False,easy
417,running,เป็นลม running,2016-10-09 15:32:36,2.49,17:43,False,False,False,False,False,
418,cycling,indoor cycling,2016-10-08 20:46:00,21.55,30:18,False,False,False,True,False,long
419,cycling,indoor cycling,2016-10-05 18:07:06,24.46,30:23,False,False,False,True,False,long
420,cycling,indoor cycling,2016-10-03 20:07:00,21.12,30:26,False,False,False,True,False,long
421,running,tempo 3k running,2016-10-02 21:33:18,5.18,26:37,False,True,False,False,False,tempo
422,indoor_cycling,indoor cycling,2016-09-30 15:54:29,25.02,32:01,False,False,False,True,False,long
423,cycling,bang khen cycling,2016-09-29 23:43:09,2.43,9:47.7,False,False,False,False,False,
424,running,easy long running,2016-09-28 17:00:34,10.15,1:04:35,True,False,False,True,False,long
425,indoor_cycling,indoor cycling,2016-09-27 13:08:15,13.45,18:20,False,False,False,False,False,
426,cycling,test cycling,2016-09-25 20:33:39,2.38,15:07,False,False,False,False,False,
427,running,interval 800m/1min,2016-09-23 18:02:35,6.05,33:29,False,False,True,False,False,interval
428,running,easy running,2016-09-22 22:10:30,5.04,28:50,True,False,False,False,False,easy
429,indoor_cycling,indoor cycling,2016-09-21 18:02:07,0.0,30:03,False,False,False,False,False,
430,indoor_cycling,indoor cycling,2016-09-20 15:59:22,0.0,16:31,False,False,False,False,False,
431,running,speed play running,2016-09-17 17:45:42,6.71,46:32,False,False,False,False,False,
432,running,long running,2016-09-14 16:53:44,15.24,1:43:07,False,False,False,True,False,long
433,running,easy tempo running,2016-09-10 20:30:18,10.43,58:56,True,True,False,False,False,tempo
434,running,easy running,2016-09-08 17:13:31,7.56,45:28,True,False,False,False,False,easy
435,running,easy running,2016-09-07 17:53:45,5.04,30:34,True,False,False,False,False,easy
436,running,คัน เลิกวิ่ง running,2016-09-04 06:31:40,2.77,15:46,False,False,False,False,False,
437,running,hard tempo running,2016-09-02 20:47:50,5.34,27:40,False,True,False,False,False,tempo
438,running,tempo running,2016-08-29 21:47:34,8.25,43:26,False,True,False,False,False,tempo
439,running,pokémon running,2016-08-27 18:44:12,7.5,52:15,False,False,False,False,False,
440,running,easy running,2016-08-25 19:24:34,3.09,21:42,True,False,False,False,False,easy
441,running,tempo running,2016-08-21 18:10:01,5.07,25:31,False,True,False,False,False,tempo
442,running,sai mai running,2016-08-12 21:19:15,10.37,1:02:24,False,False,False,False,False,
443,running,easy running,2016-08-10 22:15:13,5.25,33:36,True,False,False,False,False,easy
444,running,pokemon running,2016-08-08 19:29:48,5.05,43:15,False,False,False,False,False,
445,running,tempo easy running,2016-08-04 20:31:31,5.25,29:24,True,True,False,False,False,tempo
446,running,tempo running,2016-08-01 21:51:03,5.02,26:54,False,True,False,False,False,tempo
447,running,easy running,2016-07-30 17:33:39,5.06,32:49,True,False,False,False,False,easy
448,running,easy tempo running,2016-07-26 17:41:20,5.04,28:49,True,True,False,False,False,tempo
449,running,active run nakhonnayok 2016,2016-07-24 05:31:47,20.87,1:56:08,False,False,False,True,False,long
450,running,easy running,2016-07-21 22:28:47,5.11,32:28,True,False,False,False,False,easy
451,elliptical,other,2016-07-20 22:10:45,0.0,31:15,False,False,False,False,False,
452,running,recovery running,2016-07-19 18:34:33,3.83,31:22,False,False,False,False,True,recovery
453,running,pattaya marathon 2016 (half),2016-07-17 05:23:30,21.6,2:02:35,False,False,False,True,False,long
454,running,interval 200/200m ,2016-07-15 19:29:41,6.05,36:40,False,False,True,False,False,interval
455,running,tempo running,2016-07-14 18:15:57,10.14,57:40,False,True,False,False,False,tempo
456,running,tempo + speed running,2016-07-11 21:26:06,5.02,27:35,False,True,False,False,False,tempo
457,running,7.5k tempo running,2016-07-08 18:01:18,7.63,46:22,False,True,False,False,False,tempo
458,running,test tempo running,2016-07-06 21:50:18,5.2,29:53,False,True,False,False,False,tempo
459,running,recovery running 3,2016-07-04 23:27:00,5.04,29:16,False,False,False,False,True,recovery
460,running,recovery running 2,2016-07-02 22:40:37,5.07,30:19,False,False,False,False,True,recovery
461,running,recovery running,2016-06-29 16:43:32,4.63,31:01,False,False,False,False,True,recovery
462,running,sukhothai marathon 2016,2016-06-26 04:00:00,42.22,4:18:21,False,False,False,True,False,long
463,elliptical,1hour elliptical ,2016-06-22 23:04:42,0.0,1:00:38,False,False,False,False,False,
464,running,easy running เจ็บหลัง,2016-06-19 22:27:14,5.21,32:16,True,False,False,False,False,easy
465,running,easy running,2016-06-16 17:45:01,5.09,32:54,True,False,False,False,False,easy
466,running,long run 30k,2016-06-13 00:00:04,30.03,2:51:25,False,False,False,True,False,long
467,running,easy running,2016-06-11 16:16:48,2.55,14:26,True,False,False,False,False,easy
468,running,easy running,2016-06-11 15:43:05,5.07,26:54,True,False,False,False,False,easy
469,running,tempo running,2016-06-09 21:38:47,10.01,55:17,False,True,False,False,False,tempo
470,running,sai mai running,2016-06-08 20:38:37,5.03,28:57,False,False,False,False,False,
471,running,recovery running,2016-06-07 18:33:18,5.21,31:12,False,False,False,False,True,recovery
472,running,garmin blue run 2016,2016-06-05 05:15:35,20.84,1:50:44,False,False,False,True,False,long
473,running,global running day tempo,2016-06-01 17:25:06,5.05,26:11,False,True,False,False,False,tempo
474,running,easy running,2016-05-31 21:04:36,5.02,28:22,True,False,False,False,False,easy
475,running,tempo running,2016-05-30 20:49:56,5.21,28:28,False,True,False,False,False,tempo
476,running,tempo running,2016-05-28 17:25:05,7.58,40:32,False,True,False,False,False,tempo
477,running,tempo running,2016-05-28 17:04:25,2.54,12:41,False,True,False,False,False,tempo
478,running,interval 400/400 x5 ,2016-05-26 16:43:26,5.92,35:39,False,False,True,False,False,interval
479,running,easy tempo running,2016-05-24 21:32:04,5.15,30:16,True,True,False,False,False,tempo
480,running,singha bangkok 21k 2016,2016-05-22 05:32:47,21.47,1:54:27,False,False,False,True,False,long
481,elliptical,เครื่องเดินวงรี,2016-05-20 21:57:29,0.0,30:56,False,False,False,False,False,
482,running,วิ่งแล้วคัน,2016-05-18 07:42:22,1.82,12:30,False,False,False,False,False,
483,running,unite to end tb walk and run 2016,2016-05-15 05:59:38,10.02,48:06,False,False,False,False,False,
484,running,easy running,2016-05-13 18:17:57,5.11,36:59,True,False,False,False,False,easy
485,running,tempo running,2016-05-11 21:34:48,5.17,29:04,False,True,False,False,False,tempo
486,running,tempo running,2016-05-10 21:27:32,5.24,29:50,False,True,False,False,False,tempo
487,running,bang khen running,2016-05-09 21:19:33,5.07,32:28,False,False,False,False,False,
488,running,10k time trial running,2016-05-07 17:19:16,10.12,50:11,False,False,False,False,False,
489,running,pattaya beach running,2016-05-05 20:54:43,5.24,31:39,False,False,False,False,False,
490,running,pattaya easy running,2016-05-03 21:52:34,5.77,37:56,True,False,False,False,False,easy
491,running,pattaya tempo running,2016-05-02 21:25:53,5.29,30:42,False,True,False,False,False,tempo
492,running,tempo running,2016-05-01 18:22:56,10.35,59:52,False,True,False,False,False,tempo
493,running,easy running,2016-04-29 18:34:11,5.07,33:18,True,False,False,False,False,easy
494,running,easy running,2016-04-28 20:03:09,5.02,31:53,True,False,False,False,False,easy
495,running,pattaya easy running,2016-04-26 20:39:07,5.33,31:51,True,False,False,False,False,easy
496,running,tu walk and run 2016,2016-04-24 05:29:58,12.2,1:02:15,False,False,False,False,False,
497,running,easy tempo running,2016-04-21 18:30:58,5.09,29:07,True,True,False,False,False,tempo
498,running,5k time trial,2016-04-18 23:31:15,5.16,24:59,False,False,False,False,False,
499,running,long running,2016-04-15 20:28:30,21.01,2:11:11,False,False,False,True,False,long
500,running,easy running,2016-04-13 22:35:25,10.25,1:08:17,True,False,False,False,False,easy
501,running,negative split tempo,2016-04-11 22:50:15,10.12,58:16,False,True,False,False,False,tempo
502,running,easy tempo running,2016-04-10 23:16:38,5.38,34:21,True,True,False,False,False,tempo
503,running,easy running,2016-04-09 23:23:17,5.49,35:04,True,False,False,False,False,easy
504,running,long running,2016-04-07 21:37:03,21.02,2:25:22,False,False,False,True,False,long
505,running,easy running,2016-04-05 21:22:05,10.6,1:13:11,True,False,False,False,False,easy
506,running,interval 240m/240m x 7,2016-04-04 21:21:18,7.04,47:42,False,False,True,False,False,interval
507,running,easy running,2016-04-03 06:10:44,10.48,1:09:36,True,False,False,False,False,easy
508,running,easy tempo  running,2016-04-01 18:44:17,5.08,29:59,True,True,False,False,False,tempo
509,running,tempo running,2016-03-31 16:12:08,10.23,1:05:26,False,True,False,False,False,tempo
510,running,easy running,2016-03-27 17:43:50,12.65,1:25:32,True,False,False,False,False,easy
511,walking,walk2,2016-03-25 22:19:36,1.71,22:36,False,False,False,False,False,
512,walking,walk1,2016-03-25 21:50:01,0.97,12:55,False,False,False,False,False,
513,running,tempo ไม่ถึงเป้า long run,2016-03-24 16:06:15,12.68,1:24:41,False,True,False,True,False,tempo
514,elliptical,เครื่องเดินวงรึ,2016-03-22 19:54:11,0.0,35:01,False,False,False,False,False,
515,running,easy running,2016-03-21 17:25:06,10.14,1:08:57,True,False,False,False,False,easy
516,running,tempo running,2016-03-20 20:07:59,5.16,33:27,False,True,False,False,False,tempo
517,running,recovery running,2016-03-19 20:48:55,5.08,41:55,False,False,False,False,True,recovery
518,running,long running,2016-03-17 16:56:11,30.19,3:45:45,False,False,False,True,False,long
519,running,easy running,2016-03-16 18:08:39,10.05,1:19:05,True,False,False,False,False,easy
520,running,recovery running,2016-03-15 18:04:26,7.63,53:18,False,False,False,False,True,recovery
521,running,hiv run 2016,2016-03-13 05:41:28,7.63,35:23,False,False,False,False,False,
522,running,interval 400m rest 1min x 8,2016-03-11 20:13:40,6.78,42:55,False,False,True,False,False,interval
523,running,tempo running,2016-03-10 17:27:09,10.17,1:03:34,False,True,False,False,False,tempo
524,walking,walking,2016-03-08 21:03:41,0.22,13:07,False,False,False,False,False,
525,walking,เดินขึ้นลงบันได,2016-03-07 20:31:22,0.0,30:01,False,False,False,False,False,
526,running,pattaya easy running,2016-03-06 20:21:14,11.11,1:14:24,True,False,False,False,False,easy
527,running,easy running,2016-03-05 18:31:43,10.11,1:16:35,True,False,False,False,False,easy
528,running,easy running,2016-03-04 21:24:06,10.21,1:09:35,True,False,False,False,False,easy
529,running,easy running,2016-03-02 08:36:28,5.09,35:49,True,False,False,False,False,easy
530,running,recovery running,2016-02-29 17:43:59,6.22,49:49,False,False,False,False,True,recovery
531,running,pat rungsit mini-half marathon 2nd,2016-02-28 04:32:21,23.45,2:01:13,False,False,False,True,False,long
532,running,easy tempo running,2016-02-26 17:25:51,10.12,1:05:32,True,True,False,False,False,tempo
533,running,easy running 2,2016-02-25 22:45:50,4.08,30:48,True,False,False,False,False,easy
534,running,easy running 1,2016-02-25 21:56:24,5.99,48:00,True,False,False,False,False,easy
535,running,recovery running,2016-02-24 19:07:51,4.15,34:39,False,False,False,False,True,recovery
536,running,long running,2016-02-22 15:33:15,30.6,3:38:55,False,False,False,True,False,long
537,running,tempo running,2016-02-21 16:30:31,6.01,36:09,False,True,False,False,False,tempo
538,running,rocovery running,2016-02-19 18:22:36,5.15,42:35,False,False,False,False,False,
539,running,800x5 interval running,2016-02-18 17:55:03,7.25,45:37,False,False,True,False,False,interval
540,running,bang khen running,2016-02-15 16:59:37,5.01,33:24,False,False,False,False,False,
541,running,a+charity running,2016-02-14 06:03:47,9.14,44:40,False,False,False,False,False,
542,running,bang rak running,2016-02-12 16:51:49,21.27,2:34:42,False,False,False,True,False,long
543,other,เครื่องเดินวงรี,2016-02-11 21:40:00,4.0,31:39,False,False,False,False,False,
544,running,800x4 interval running,2016-02-10 19:46:46,5.83,34:28,False,False,True,False,False,interval
545,running,easy running,2016-02-09 22:14:13,5.05,37:07,True,False,False,False,False,easy
546,other,other,2016-02-08 15:43:38,0.0,1:13.7,False,False,False,False,False,
547,running,bang khen running,2016-02-07 21:24:17,10.22,1:02:00,False,False,False,False,False,
548,running,bang rak running,2016-02-05 15:56:55,30.49,3:29:42,False,False,False,True,False,long
549,running,sai mai running,2016-02-03 20:17:28,5.05,43:29,False,False,False,False,False,
550,running,bang rak running,2016-02-01 17:17:52,4.03,31:43,False,False,False,False,False,
551,running,bitec half marathon 2016,2016-01-31 04:59:06,21.56,2:01:27,False,False,False,True,False,long
552,running,bang khen running,2016-01-29 20:12:10,5.06,38:20,False,False,False,False,False,
553,running,bang rak running,2016-01-26 18:14:01,5.06,26:41,False,False,False,False,False,
554,running,bang rak running,2016-01-26 17:48:37,5.04,23:33,False,False,False,False,False,
555,running,bang rak running,2016-01-25 16:51:28,21.14,2:22:16,False,False,False,True,False,long
556,running,interval 1min,2016-01-24 20:18:30,6.47,42:00,False,False,True,False,False,interval
557,running,sai mai running,2016-01-21 16:59:47,10.22,1:08:51,False,False,False,False,False,
558,running,bang khen running,2016-01-19 17:19:07,3.46,30:13,False,False,False,False,False,
559,running,sai mai running,2016-01-18 08:17:16,4.02,30:04,False,False,False,False,False,
560,running,chom bung marathon 2016,2016-01-17 04:02:41,42.57,4:25:48,False,False,False,True,False,long
561,running,bang khen running,2016-01-15 16:23:40,5.63,38:11,False,False,False,False,False,
562,running,easy running,2016-01-12 21:34:43,5.14,35:52,True,False,False,False,False,easy
563,running,bang rak running,2016-01-10 16:29:39,21.08,2:33:29,False,False,False,True,False,long
564,running,lumphini easy running,2016-01-07 17:31:20,10.19,1:05:26,True,False,False,False,False,easy
565,running,lumphini 30k running,2016-01-05 16:08:51,30.65,3:30:30,False,False,False,True,False,long
566,running,bang rak running,2016-01-03 18:04:39,10.16,1:02:46,False,False,False,False,False,
567,running,new year running2,2016-01-01 01:01:40,3.96,30:25,False,False,False,False,False,
568,running,new year running1,2015-12-31 23:07:28,6.07,46:21,False,False,False,False,False,
569,running,bangkok noi running,2015-12-27 20:28:59,5.91,42:45,False,False,False,False,False,
570,running,ding daeng running,2015-12-27 19:45:06,6.11,39:58,False,False,False,False,False,
571,running,interval running,2015-12-25 17:29:20,8.8,52:33,False,False,True,False,False,interval
572,running,lumphini easy running,2015-12-22 16:50:39,10.06,1:10:13,True,False,False,False,False,easy
573,running,muang-thai  chiang mai marathon,2015-12-20 04:59:07,21.46,1:56:02,False,False,False,True,False,long
574,running,angkhang running,2015-12-16 17:49:45,6.45,36:35,False,False,False,False,False,
575,running,doi suthep chiang mai run,2015-12-15 07:26:55,10.07,1:22:14,False,False,False,False,False,
576,running,home interval running,2015-12-12 18:15:38,4.02,30:03,False,False,True,False,False,interval
577,running,no carb long running,2015-12-09 16:17:57,21.06,2:31:32,False,False,False,True,False,long
578,running,lumphini tempo running,2015-12-07 16:57:16,10.04,1:02:49,False,True,False,False,False,tempo
579,running,bang su running,2015-12-06 18:00:49,5.23,29:50,False,False,False,False,False,
580,running,bang su running,2015-12-06 17:32:17,5.28,27:49,False,False,False,False,False,
581,running,easy running,2015-12-02 20:46:50,7.63,51:21,True,False,False,False,False,easy
582,running,long running,2015-12-01 15:55:08,21.09,2:26:16,False,False,False,True,False,long
583,running,adidas first test running,2015-11-27 22:21:52,5.2,37:03,False,False,False,False,False,
584,running,pattaya beach running,2015-11-26 17:18:38,5.68,36:00,False,False,False,False,False,
585,running,3min interval running,2015-11-23 17:29:07,8.78,55:04,False,False,True,False,False,interval
586,running,home tempo running,2015-11-21 20:17:51,7.75,44:03,False,True,False,False,False,tempo
587,running,home tempo running,2015-11-19 19:03:19,7.06,48:22,False,True,False,False,False,tempo
588,running,bangkok marathon 2015 running,2015-11-15 02:00:06,42.2,5:20:39,False,False,False,True,False,long
589,running,bang khen running,2015-11-11 16:53:45,5.12,42:22,False,False,False,False,False,
590,running,home easy running,2015-11-05 17:42:49,5.19,37:42,True,False,False,False,False,easy
591,running,lumphini easy running,2015-11-03 18:08:48,10.21,1:14:39,True,False,False,False,False,easy
592,running,mega bangna 2015 running,2015-11-01 05:00:39,21.6,2:10:01,False,False,False,True,False,long
593,running,home 10k running,2015-10-29 18:02:30,10.05,1:04:36,False,False,False,False,False,
594,running,home easy running,2015-10-28 17:36:56,7.19,1:00:24,True,False,False,False,False,easy
595,running,phra khanong running,2015-10-27 16:53:30,1.3,15:56,False,False,False,False,False,
596,running,first 30km. running,2015-10-25 15:11:04,30.06,3:08:12,False,False,False,True,False,long
597,running,home easy running,2015-10-24 18:10:50,5.45,33:54,True,False,False,False,False,easy
598,running,lumphini easy running,2015-10-22 17:10:29,5.74,36:00,True,False,False,False,False,easy
599,running,lumphini tempo running,2015-10-20 17:36:41,10.17,55:15,False,True,False,False,False,tempo
600,running,sai mai running,2015-10-19 16:41:21,3.31,26:15,False,False,False,False,False,
601,running,3 parks long running,2015-10-18 16:18:12,26.1,3:08:37,False,False,False,True,False,long
602,running,lumphini hiit  running,2015-10-15 18:19:46,7.15,44:34,False,False,False,False,False,
603,running,sai mai running,2015-10-13 22:09:49,3.09,22:17,False,False,False,False,False,
604,running,lumphini park 21k running,2015-10-08 16:39:27,21.55,2:11:39,False,False,False,True,False,long
605,running,lumphini running,2015-10-06 18:11:08,1.81,10:58,False,False,False,False,False,
606,running,lumphini running,2015-10-06 16:39:14,10.3,1:06:01,False,False,False,False,False,
607,running,กรมบัญชีกลาง มินิมาราธอน ครั้งที่14,2015-10-04 06:02:27,10.17,51:37,False,False,False,False,False,
608,running,lumphini park 21k running,2015-10-01 16:10:12,21.17,2:09:20,False,False,False,True,False,long
609,running,lumphini running,2015-09-29 17:05:54,2.57,15:44,False,False,False,False,False,
610,running,lumphini running,2015-09-29 16:34:14,5.08,28:43,False,False,False,False,False,
611,running,sena running,2015-09-27 19:21:06,5.12,28:03,False,False,False,False,False,
612,running,bang rak running,2015-09-25 17:25:19,2.69,16:51,False,False,False,False,False,
613,running,interval running,2015-09-25 16:57:19,4.9,27:25,False,False,True,False,False,interval
614,running,bang rak running,2015-09-23 15:42:05,21.13,2:16:04,False,False,False,True,False,long
615,running,home running,2015-09-21 18:14:03,5.14,33:31,False,False,False,False,False,
616,running,lumphini running,2015-09-15 17:03:37,5.08,26:23,False,False,False,False,False,
617,running,sai yok running,2015-09-13 06:08:28,21.01,1:58:17,False,False,False,True,False,long
618,running,sena running,2015-09-11 17:44:54,5.17,33:10,False,False,False,False,False,
619,running,lumphini running,2015-09-10 16:22:00,10.16,55:54,False,False,False,False,False,
620,running,bang rak running,2015-09-03 17:14:52,5.11,26:40,False,False,False,False,False,
621,running,sena running,2015-09-02 18:52:17,5.01,34:32,False,False,False,False,False,
622,running,khao kho running,2015-08-30 05:43:00,25.05,3:12:06,False,False,False,True,False,long
623,running,lumpini 10k running,2015-08-27 17:04:01,10.15,57:39,False,False,False,False,False,
624,running,kmutnb2015,2015-08-23 05:32:18,12.67,1:06:48,False,False,False,False,False,
625,running,bang rak running,2015-08-20 18:46:41,5.09,30:58,False,False,False,False,False,
626,running,soi sena running,2015-08-18 17:45:09,5.27,32:46,False,False,False,False,False,
627,running,bang rak running,2015-08-15 07:37:38,7.54,46:11,False,False,False,False,False,
628,running,bang rak running,2015-08-13 17:20:13,3.51,22:02,False,False,False,False,False,
629,running,august 12 th half marathon bangkok 2015,2015-08-12 05:13:20,21.01,2:07:55,False,False,False,True,False,long
630,running,pattaya beach running,2015-08-08 16:22:09,5.4,28:25,False,False,False,False,False,
631,running,lumpini 5k running,2015-08-04 07:32:11,5.11,30:22,False,False,False,False,False,
632,running,soi sena running,2015-08-02 17:45:09,8.53,46:38,False,False,False,False,False,
633,running,phra khanong running,2015-07-31 08:41:16,1.11,9:56.8,False,False,False,False,False,
634,running,phra khanong running,2015-07-31 07:51:00,4.73,32:45,False,False,False,False,False,
635,running,slow jogging,2015-07-27 09:29:36,2.07,17:20,False,False,False,False,False,
636,running,ongkarak running,2015-07-26 05:53:30,21.37,2:07:04,False,False,False,True,False,long
637,running,bang su running,2015-07-24 11:43:25,7.81,49:19,False,False,False,False,False,
638,running,lumpini park running,2015-07-15 17:41:46,10.21,1:01:09,False,False,False,False,False,
639,running,department of correct running,2015-07-12 05:55:57,11.56,1:04:58,False,False,False,False,False,
640,running,lumpini park running,2015-07-10 18:09:29,10.19,1:01:05,False,False,False,False,False,
641,running,bang rak running,2015-07-06 18:25:04,2.54,15:06,False,False,False,False,False,
642,running,bang rak running,2015-07-06 17:37:10,6.21,37:41,False,False,False,False,False,
643,running,sw2 running,2015-07-03 18:35:57,2.18,14:08,False,False,False,False,False,
644,running,sw2 running,2015-07-03 18:06:17,5.22,28:11,False,False,False,False,False,
645,running,lumpini running,2015-07-01 18:02:40,5.11,25:33,False,False,False,False,False,
646,running,sukhothai marathon 2015 / my first half marathon,2015-06-28 05:31:00,20.98,1:56:01,False,False,False,True,False,long
647,running,phra khanong running,2015-06-23 17:05:53,14.62,1:41:31,False,False,False,False,False,
648,running,pattaya beach running,2015-06-20 15:30:55,5.51,31:37,False,False,False,False,False,
649,running,10 miles super sport 2015,2015-06-14 05:00:42,16.46,1:32:45,False,False,False,True,False,long
650,running,sai mai running,2015-06-13 07:32:24,2.82,21:12,False,False,False,False,False,
651,running,my first half marathon,2015-06-11 17:01:27,21.43,2:31:43,False,False,False,True,False,long
652,running,slow running + walking,2015-06-09 17:24:06,5.59,1:04:05,False,False,False,False,False,
653,running,bang su running,2015-06-04 17:57:00,5.15,33:38,False,False,False,False,False,
654,running,bang su running,2015-06-04 17:17:57,3.29,33:02,False,False,False,False,False,
655,running,pattaya beach running,2015-06-02 17:46:56,5.36,31:39,False,False,False,False,False,
656,running,lumphini running,2015-05-29 17:13:22,10.24,1:09:19,False,False,False,False,False,
657,walking,fat burn walking and running,2015-05-28 21:35:00,3.44,33:38,False,False,False,False,False,
658,walking,fat burn walking,2015-05-27 21:39:32,3.59,44:46,False,False,False,False,False,
659,running,run for me @ ku,2015-05-24 05:31:30,10.23,57:36,False,False,False,False,False,
660,running,lumpini 5km. running,2015-05-20 18:02:32,5.11,27:28,False,False,False,False,False,
661,running,singha 14k run,2015-05-17 06:02:17,12.65,1:12:31,False,False,False,False,False,
662,running,lumpini running 5km.,2015-05-15 18:09:37,4.98,25:08,False,False,False,False,False,
663,running,soi sena park,2015-05-11 17:07:32,5.23,31:46,False,False,False,False,False,
664,running,lumpini 12.5km.,2015-05-08 17:43:00,12.52,1:30:26,False,False,False,False,False,
665,running,home running,2015-05-03 20:17:37,5.29,37:00,False,False,False,False,False,
666,running,lumpini 5km.,2015-05-01 18:41:08,5.06,26:15,False,False,False,False,False,
667,running,lumpini 7.5 km.,2015-04-29 18:00:46,7.58,42:42,False,False,False,False,False,
668,running,lumpini 5km. running,2015-04-23 18:14:16,5.15,27:19,False,False,False,False,False,
669,running,colgate 12km. running,2015-04-19 05:59:45,12.7,1:11:38,False,False,False,False,False,
670,running,lumpini 1km. to 200km. all total,2015-04-17 18:26:38,1.32,8:29.0,False,False,False,False,False,
671,running,lumpini park 5km.,2015-04-17 17:57:45,5.09,26:11,False,False,False,False,False,
672,running,rod fai park 10km. running,2015-04-16 15:35:41,11.04,1:10:26,False,False,False,False,False,
673,running,rod fai park 5km.,2015-04-13 17:19:54,5.33,30:43,False,False,False,False,False,
674,running,chakri day run 10km.,2015-04-06 05:32:54,10.85,1:01:07,False,False,False,False,False,
675,running,lumpini running,2015-04-03 18:40:11,5.1,27:00,False,False,False,False,False,
676,running,out of energy running to 10km.,2015-04-01 18:43:38,2.55,16:29,False,False,False,False,False,
677,running,lumpini cadence training / long running,2015-04-01 17:55:56,7.65,41:57,False,False,False,True,False,long
678,running,cadence training running,2015-03-29 17:49:21,4.21,40:06,False,False,False,False,False,
679,running,lumpini park 5km.,2015-03-27 18:47:39,5.11,26:32,False,False,False,False,False,
680,running,lumpini park 5km. running,2015-03-20 19:21:40,5.12,25:54,False,False,False,False,False,
681,running,suan luang rama9 running,2015-03-17 17:58:00,4.78,38:08,False,False,False,False,False,
682,running,slow pace 2.5 km.,2015-03-16 17:44:53,2.53,17:03,False,False,False,False,False,
683,running,fast pace 5 km.,2015-03-16 17:16:16,5.22,27:49,False,False,False,False,False,
684,running,lumpini first 15km running,2015-03-13 17:38:21,15.22,1:35:27,False,False,False,True,False,long
685,running,bang rak uncategorized,2015-03-09 17:00:00,5.17,27:58,False,False,False,False,False,
686,running,bang su uncategorized,2015-03-07 08:15:35,10.26,1:05:16,False,False,False,False,False,
687,running,bang su uncategorized,2015-03-02 13:17:27,10.3,1:03:05,False,False,False,False,False,
688,cycling,bang bon cycling,2015-03-01 07:27:18,23.7,2:01:48,False,False,False,True,False,long
689,running,bang su uncategorized,2015-02-25 12:52:32,12.88,1:33:48,False,False,False,False,False,
690,running,pak kret uncategorized,2015-02-17 17:26:38,3.3,20:11,False,False,False,False,False,
691,running,bang rak uncategorized,2015-02-15 06:06:48,7.42,43:27,False,False,False,False,False,
692,running,bang rak uncategorized,2015-02-13 17:59:00,5.09,29:24,False,False,False,False,False,
693,running,phra khanong uncategorized,2015-02-11 17:43:48,4.58,43:09,False,False,False,False,False,
694,running,bang su uncategorized,2015-02-08 18:28:14,10.03,1:09:28,False,False,False,False,False,
695,running,bang rak uncategorized,2015-02-06 17:57:45,3.78,33:15,False,False,False,False,False,
696,running,bang su uncategorized,2015-02-04 18:32:25,7.76,59:55,False,False,False,False,False,
697,running,bang su uncategorized,2015-02-02 15:21:28,5.07,37:51,False,False,False,False,False,
698,running,bang rak uncategorized,2015-01-30 18:01:57,3.35,20:51,False,False,False,False,False,
699,running,phra khanong uncategorized,2015-01-28 17:15:13,3.87,39:55,False,False,False,False,False,
700,running,bang su uncategorized,2015-01-24 18:55:35,3.76,25:49,False,False,False,False,False,
701,running,bang su uncategorized,2015-01-20 16:30:23,3.89,24:14,False,False,False,False,False,
702,running,phra khanong uncategorized,2015-01-14 17:33:31,2.29,22:51,False,False,False,False,False,
703,running,phra khanong uncategorized,2015-01-11 16:34:46,3.26,31:50,False,False,False,False,False,
704,running,phra khanong uncategorized,2015-01-07 17:05:16,3.35,34:23,False,False,False,False,False,
